Handle,Published
100-anos-tequila-blanco-mixto-750ml,FALSE
100-anos-tequila-blanco-750-ml,FALSE
100-anos-tequila-reposado-750ml,FALSE
1800-anejo-tequila-70cl-38-abv,FALSE
1800-anejo-tequila-70cl-38-abv-includes-branded-glass,FALSE
1800-coconut-infused-tequila-5cl-35-abv-miniature,FALSE
1800-coconut-infused-tequila-5cl-x-10-35-abv-miniatures-10-x-5cl,FALSE
1800-coconut-infused-tequila-70cl-35-abv,FALSE
1800-coconut-infused-tequila-70cl-35-abv-includes-branded-glass,FALSE
1800-cristalino-anejo-tequila-70cl-35-abv,FALSE
1800-cristalino-anejo-tequila-70cl-35-abv-includes-branded-glasses,FALSE
1800-daniel-cordas-limited-edition-silver-tequila-70cl-38-abv,FALSE
1800-daniel-cordas-limited-edition-silver-tequila-70cl-38-abv-includes-branded-glass,FALSE
1800-essential-artists-x-mike-skinner-limited-edition-silver-tequila-70cl-38-abv,FALSE
1800-reposado-silver-tequila-20cl-x-2-40-abv-gift-pack,FALSE
1800-silver-tequila-5cl-40-abv-miniature,FALSE
1800-silver-tequila-5cl-x-10-40-abv-miniatures-10-x-5cl,FALSE
1800-silver-tequila-70cl-38-abv,FALSE
1800-silver-tequila-70cl-38-abv-includes-branded-glass,FALSE
1800-anejo-tequila-750ml,FALSE
1800-anejo-tequila-750-ml,FALSE
1800-guachi-monton-anejo-tequila-750-ml,FALSE
1800-milenio-tequila-extra-anejo-750ml,FALSE
1800-reposado-high-proof-tequila-375ml,FALSE
1800-reposado-tequila-1l,FALSE
1800-silver-1l,FALSE
1800-tequila-blanco-1-75l,FALSE
1800-tequila-blanco-200ml,FALSE
1800-tequila-blanco-375ml,FALSE
1800-tequila-blanco-750ml,FALSE
1800-tequila-blanco-high-proof-375ml,FALSE
1800-tequila-coconut-1-75l,FALSE
1800-tequila-coconut-1l,FALSE
1800-tequila-coconut-200ml,FALSE
1800-tequila-coconut-375ml,FALSE
1800-tequila-coconut-750ml,FALSE
1800-tequila-cristalino-1-75l,FALSE
1800-tequila-cristalino-750ml,FALSE
1800-tequila-reposado-1-75l,FALSE
1800-tequila-reposado-200ml,FALSE
1800-tequila-reposado-375ml,FALSE
1800-tequila-reposado-750ml,FALSE
1800-the-ultimate-margarita-mango-ready-to-drink-cocktail-1-75l,FALSE
1921-cream-tequila-750ml,FALSE
1921-reposado-tequila-750ml,FALSE
1921-tequila-anejo-750ml,FALSE
1921-tequila-blanco-750ml,FALSE
21-seeds-grapefruit-hibiscus-blanco-tequila-750ml,FALSE
21-seeds-tequila-valencia-orange-tequila-750ml,FALSE
818-anejo-tequila-70cl-40-abv-kendall-jenner,FALSE
818-blanco-tequila-70cl-40-abv-kendall-jenner,FALSE
818-limited-edition-eight-anejo-reserve-tequila-70cl-40-abv-kendall-jenner,FALSE
818-reposado-tequila-70cl-40-abv-kendall-jenner,FALSE
818-tequila-blanco-750ml,FALSE
818-tequila-blanco-750-ml,FALSE
818-tequila-reposado-750ml,FALSE
adictivo-anejo-tequila-750ml,FALSE
adictivo-doble-reposado-750ml,FALSE
adictivo-tequila-anejo-750-ml,FALSE
adictivo-tequila-black-edition-extra-anejo-1-75-liter-1-75-l,FALSE
adictivo-tequila-doble-reposado-750-ml,FALSE
adictivo-tequila-extra-anejo-750ml,FALSE
adictivo-tequila-extra-anejo-750-ml,FALSE
aldez-anejo-organic-tequila-750ml,FALSE
alma-del-jaguar-blanco-tequila-750ml,FALSE
alma-del-jaguar-nocturna-blanco-750ml,FALSE
alma-del-jaguar-reposado-tequila-750ml,FALSE
alma-del-jaguar-tequila-anejo-750ml,FALSE
almendrado-orendain-liqueur-750ml,FALSE
aman-reposado-tequila-750-ml,FALSE
aman-tequila-blanco-750-ml,FALSE
arette-suave-anejo-tequila-70cl-38-abv,FALSE
arette-suave-blanco-tequila-70cl-38-abv,FALSE
asombroso-11-year-old-extra-anejo-tequila-750-ml,FALSE
asombroso-5-year-extra-anejo-750ml,FALSE
asombroso-el-carbonzado-tequila-750-ml,FALSE
asombroso-silver-750ml,FALSE
asombroso-silver-tequila-750-ml,FALSE
astral-blanco-tequila-750ml,FALSE
avion-silver-tequila-750ml,FALSE
avion-tequila-reposado-750ml,FALSE
avion-tequila-reserva-44-750ml,FALSE
avion-tequila-silver-1-liter-1-liter,FALSE
avion-tequila-silver-1-75l,FALSE
azunia-anejo-tequila-reserve-750-ml,FALSE
baja-luna-liqueur-750ml,FALSE
baja-rosa-liqueur-750ml,FALSE
baluarte-blanco-tequila-750ml,FALSE
baluarte-tequila-anejo-750ml,FALSE
baluarte-tequila-resposado-750ml,FALSE
brewdog-casa-rayos-blanco-tequila-70cl-40-abv,FALSE
bribon-tequila-blanco-750ml,FALSE
butterfly-cannon-the-winged-king-reposado-tequila-750ml,FALSE
buzzballz-tequila-rita-biggie-cocktail-175cl-13-5-abv-1-75-litre-magnum,FALSE
buzzballz-tequila-rita-biggie-cocktail-175cl-13-5-abv-1-75-litre-magnum-includes-beach-ball-sun-visor,FALSE
buzzballz-tequila-rita-cocktail-20cl-13-5-abv,FALSE
buzzballz-tequila-rita-cocktail-20cl-x-12-13-5-abv-12-x-20cl,FALSE
buzzballz-tequila-rita-cocktail-20cl-x-12-13-5-abv-12-x-20cl-includes-beach-ball-sun-visor,FALSE
buzzballz-tequila-rita-cocktail-20cl-x-24-13-5-abv-24-x-20cl,FALSE
buzzballz-tequila-rita-cocktail-20cl-x-3-13-5-abv-3-x-20cl,FALSE
buzzballz-cocktails-tequila-rita-24-pack-200-ml,FALSE
cabo-wabo-tequila-anejo-750ml,FALSE
cabo-wabo-tequila-blanco-750ml,FALSE
cabo-wabo-tequila-reposado-750ml,FALSE
calirosa-anejo-tequila-750ml,FALSE
calirosa-extra-anejo-tequila-750ml,FALSE
calirosa-reposado-tequila-750ml,FALSE
calirosa-rosa-blanco-750ml,FALSE
calle-23-tequilla-blanco-750ml,FALSE
campari-cask-tales-tequila-cask-finish-bitter-100cl-25-abv,FALSE
campo-azul-gran-classico-blanco-1l,FALSE
campo-bravo-tequila-reposado-750ml,FALSE
cantera-negra-anejo-tequila-750ml,FALSE
cantera-negra-blanco-tequila-750ml,FALSE
cantera-negra-cafe-coffee-liqueur-750ml,FALSE
cantera-negra-reposado-tequila-750ml,FALSE
casa-1921-tequila-reposado-750-ml,FALSE
casa-azul-anejo-tequila-750ml,FALSE
casa-azul-organic-reposado-tequila-750ml,FALSE
casa-azul-organic-tequila-blanco-750ml,FALSE
casa-del-sol-tequila-reposado-750-ml,FALSE
casa-dragones-anejo-barrel-blend-tequila-70cl-40-abv,FALSE
casa-dragones-joven-blanco-tequila-70cl-40-abv-glass-pack,FALSE
casa-dragones-joven-tequila-70cl-40-abv,FALSE
casa-dragones-reposado-mizunara-finish-tequila-70cl-40-abv,FALSE
casa-dragones-joven-personalized-750ml,FALSE
casa-dragones-tequila-blanco-750ml,FALSE
casa-lotos-sotol-blanco-750ml,FALSE
casa-noble-anejo-750ml-750ml,FALSE
casa-noble-blanco-tequila-750ml,FALSE
casa-noble-reposado-tequila-750ml,FALSE
casa-pecados-reposado-tequilla-750-ml,FALSE
casamigos-100-agave-mezcal-70cl-40-abv-george-clooney,FALSE
casamigos-anejo-tequila-5cl-40-abv-miniature,FALSE
casamigos-anejo-tequila-5cl-x-12-40-abv-miniature-12-x-5cl,FALSE
casamigos-anejo-tequila-70cl-40-abv-george-clooney,FALSE
casamigos-blanco-tequila-5cl-40-abv-miniature,FALSE
casamigos-blanco-tequila-70cl-40-abv-george-clooney,FALSE
casamigos-reposado-tequila-5cl-40-abv-miniature,FALSE
casamigos-reposado-tequila-5cl-x-12-40-abv-miniatures-12-x-5cl,FALSE
casamigos-reposado-tequila-70cl-40-abv-george-clooney,FALSE
casamigos-anejo-tequila-1l,FALSE
casamigos-anejo-tequila-375ml,FALSE
casamigos-anejo-tequila-750ml,FALSE
casamigos-blanco-750ml,FALSE
casamigos-blanco-tequila-1-75l,FALSE
casamigos-blanco-tequila-1l,FALSE
casamigos-cristalino-reposado-tequila-750ml,FALSE
casamigos-jalapeno-blanco-tequila-750ml,FALSE
casamigos-mezcal-joven-espadin-750ml,FALSE
casamigos-reposado-750ml,FALSE
casamigos-tequila-anejo-1-75l,FALSE
casamigos-tequila-anejo-750-ml,FALSE
casamigos-tequila-reposado-1-75l,FALSE
casamigos-tequila-reposado-1l,FALSE
casamigos-tequila-reposado-cristalino-750-ml,FALSE
cascahuin-blanco-tahona-tequila-70cl-42-abv,FALSE
cascahuin-blanco-tequila-70cl-40-abv,FALSE
cascahuin-plata-48-tequila-70cl-48-abv,FALSE
cascahuin-reposado-tequila-70cl-40-abv,FALSE
casino-azul-anejo-tequila-750ml,FALSE
casino-azul-jaguar-anejo-tequila-1-75l,FALSE
casino-azul-reposado-tequila-750ml,FALSE
casino-azul-silver-tequila-750ml,FALSE
cava-de-oro-anejo-tequila-750ml,FALSE
cava-de-oro-anejo-tequila-750-ml,FALSE
cazadores-cafe-coffee-liqueur-750ml,FALSE
cazcabel-anejo-tequila-70cl-40-abv,FALSE
cazcabel-blanco-tequila-70cl-38-abv,FALSE
cazcabel-coconut-tequila-liqueur-70cl-34-abv,FALSE
cazcabel-coffee-tequila-liqueur-70cl-34-abv,FALSE
cazcabel-honey-tequila-liqueur-70cl-34-abv,FALSE
cazcabel-reposado-tequila-70cl-38-abv,FALSE
cenote-tequila-anejo-750ml,FALSE
cenote-tequila-blanco-750ml,FALSE
chamucos-reposado-tequila-750ml,FALSE
chamucos-tequila-anejo-750ml,FALSE
chamucos-tequila-blanco-750ml,FALSE
chamucos-tequila-diablo-blanco-750ml,FALSE
chamucos-tequila-especial-anejo-80-375ml,FALSE
chile-pepper-red-green-agave-tequila-750ml,FALSE
chinaco-blanco-tequila-750ml,FALSE
chivas-regal-13-year-old-extra-tequila-cask-blended-scotch-whisky-70cl-40-abv,FALSE
cincoro-anejo-tequila-70cl-40-abv-michael-jordan,FALSE
cincoro-blanco-tequila-70cl-40-abv-michael-jordan,FALSE
cincoro-reposado-tequila-70cl-40-abv-michael-jordan,FALSE
cincoro-anejo-1-75l,FALSE
cincoro-anejo-750ml,FALSE
cincoro-blanco-750ml,FALSE
cincoro-reposado-750ml,FALSE
clase-azul-anejo-tequila-750ml,FALSE
clase-azul-blanco-ahumado-750ml,FALSE
clase-azul-dia-del-los-muertos-1l,FALSE
clase-azul-gold-tequila-750ml,FALSE
clase-azul-gold-tequila-750-ml,FALSE
clase-azul-plata-reposado-bundle,FALSE
clase-azul-plata-tequila-750ml,FALSE
clase-azul-plata-tequila-750-ml,FALSE
clase-azul-reposado-don-julio-1942-anejo-combo-750-ml,FALSE
clase-azul-reposado-750ml,FALSE
clase-azul-reposado-tequila-1-75l,FALSE
clase-azul-reposado-tequila-375ml,FALSE
clase-azul-tequila-blanco-ahumado-750-ml,FALSE
clase-azul-tequila-reposado-750-ml,FALSE
clase-azul-tequila-ultra-5yr-extra-anejo-750ml,FALSE
coa-de-jima-tequila-reposado-750-ml,FALSE
tequila-cocktail-kit-3,FALSE
codigo-1530-blanco-tequila-70cl-38-abv,FALSE
codigo-1530-reposado-tequila-70cl-38-abv,FALSE
codigo-1530-14-year-old-extra-anejo-tequila-750ml,FALSE
codigo-1530-anejo-tequila-750ml,FALSE
codigo-1530-anejo-tequila-george-strait-edition-750ml,FALSE
codigo-1530-barrel-strength-limited-bottling-anejo-tequila-750ml,FALSE
codigo-1530-blanco-tequila-750ml,FALSE
codigo-1530-origen-extra-anejo-tequila-375ml,FALSE
codigo-1530-rare-hare-anejo-tequila-750ml,FALSE
codigo-1530-reposado-375ml,FALSE
codigo-1530-reposado-tequila-750ml,FALSE
codigo-1530-rosa-750ml,FALSE
codigo-1530-tequila-rosa-blanco-1l,FALSE
corazon-blanco-tequila-70cl-40-abv,FALSE
corazon-reposado-tequila-70cl-40-abv,FALSE
corazon-anejo-tequila-thomas-handy-expresiones-750-ml,FALSE
corazon-anejo-tequila-750-ml,FALSE
corazon-reposado-tequila-750-ml,FALSE
corazon-weller-12-year-expresiones-anejo-tequila-750-ml,FALSE
corazon-william-larue-weller-expresiones-aejo-tequila-750-ml,FALSE
corralejo-1821-extra-anejo-tequila-750-ml,FALSE
corralejo-reposado-tequila-1-75l,FALSE
corralejo-triple-distilled-reposado-750ml,FALSE
corzo-anejo-tequila-750ml,FALSE
corzo-reposado-tequila-750ml,FALSE
dead-mans-fingers-black-cherry-tequila-cream-liqueur-70cl-15-abv,FALSE
dead-mans-fingers-blue-raspberry-tequila-cream-liqueur-50cl-15-abv-50cl,FALSE
dead-mans-fingers-blue-raspberry-tequila-cream-liqueur-70cl-15-abv,FALSE
dead-mans-fingers-limited-edition-skull-jar-tequila-coffee-rum-50cl-37-5-abv,FALSE
dead-mans-fingers-limited-edition-skull-jar-tequila-raspberry-rum-50cl-37-5-abv,FALSE
dead-mans-fingers-strawberry-tequila-cream-liqueur-70cl-15-abv,FALSE
dead-mans-fingers-tequila-coffee-liqueur-70cl-28-abv,FALSE
dead-mans-fingers-tequila-cream-liqueur-70cl-x-3-15-abv-bundle,FALSE
deanston-15-year-old-tequila-cask-finish-highland-single-malt-scotch-whisky-70cl-52-5-abv,FALSE
deleon-anejo-tequila-750ml,FALSE
deleon-blanco-platinum-tequila-750ml,FALSE
deleon-blanco-tequila-375-ml,FALSE
deleon-reposado-750ml,FALSE
delola-grapefruit-elderflower-spritz-paloma-rosa-tequila-cocktail-750-ml,FALSE
desert-door-texas-sotol-80-proof-750-ml,FALSE
don-fulano-anejo-750ml,FALSE
don-fulano-blanco-fuerte-100-proof-tequila-750-ml,FALSE
don-fulano-blanco-fuerte-tequila-750ml,FALSE
don-fulano-blanco-tequila-750ml,FALSE
don-fulano-reposado-tequila-750ml,FALSE
don-julio-1942-peggy-gou-limited-edition-anejo-tequila-70cl-38-abv,FALSE
don-julio-1942-rosado-reposado-tequila-70cl-40-abv,FALSE
don-julio-1942-small-batch-anejo-tequila-175cl-38-abv-1-75-litre-magnum,FALSE
don-julio-1942-small-batch-anejo-tequila-5cl-x-3-40-abv-miniature-gift-pack,FALSE
don-julio-1942-small-batch-anejo-tequila-70cl-38-abv,FALSE
don-julio-1942-small-batch-anejo-tequila-70cl-38-abv-includes-gift-box,FALSE
don-julio-1942-small-batch-tequila-5cl-38-abv-miniature,FALSE
don-julio-1942-small-batch-tequila-5cl-x-10-38-abv-miniatures-10-x-5cl,FALSE
don-julio-70-cristalino-anejo-tequila-70cl-35-abv,FALSE
don-julio-anejo-tequila-70cl-38-abv,FALSE
don-julio-blanco-tequila-70cl-38-abv,FALSE
don-julio-primavera-reposado-limited-edition-tequila-75cl-40-abv,FALSE
don-julio-reposado-tequila-70cl-38-abv,FALSE
don-julio-1942-375ml,FALSE
don-julio-1942-50ml,FALSE
don-julio-1942-anejo-tequila-1-75l,FALSE
don-julio-1942-anejo-tequila-750ml,FALSE
don-julio-1942-fifa-edition-750ml,FALSE
don-julio-1942-tequila-50-ml-miniature-1-pack,FALSE
don-julio-1942-tequila-50-ml-miniature-12-pack,FALSE
don-julio-1942-tequila-50-ml-miniature-3-pack,FALSE
don-julio-1942-tequila-anejo-with-gift-with-glass-set,FALSE
don-julio-1942-tequila-anejo-750-ml,FALSE
don-julio-1942-tequila-with-luminous-led-label-750-ml,FALSE
don-julio-1942-x-peggy-gou-limited-edition-anejo-tequila-750-ml,FALSE
don-julio-1942-x-peggy-gou-limited-edition-anejo-tequila-750-ml-3-pack,FALSE
don-julio-1942-x-peggy-gou-limited-edition-anejo-tequila-750-ml-6-pack,FALSE
don-julio-1942-year-of-the-horse-750ml,FALSE
don-julio-70-cristalino-anejo-tequila-750ml,FALSE
don-julio-alma-miel-joven-tequila-750-ml,FALSE
don-julio-anejo-tequila-1-75l,FALSE
don-julio-anejo-tequila-375ml,FALSE
don-julio-anejo-tequila-750ml,FALSE
don-julio-blanco-tequila-1-75l,FALSE
don-julio-blanco-tequila-375ml,FALSE
don-julio-blanco-tequila-750ml,FALSE
don-julio-blanco-tequila-750-ml,FALSE
don-julio-reposado-tequila-1-75l,FALSE
don-julio-reposado-tequila-750ml,FALSE
don-julio-reposado-tequila-750-ml,FALSE
don-julio-rosado-tequila-reposado-750ml,FALSE
don-julio-tequila-anejo-70th-anniversary-limited-edition-750-ml,FALSE
don-julio-tequila-reposado-375ml,FALSE
don-julio-tequila-reposado-private-cask-750-ml,FALSE
don-julio-ultima-reserva-750ml,FALSE
don-ramon-punta-diamante-anejo-750ml,FALSE
don-ramon-reposado-tequila-750ml,FALSE
dulce-vida-blanco-tequila-750ml,FALSE
dulce-vida-blanco-tequila-80-proof-1-75l,FALSE
dulce-vida-real-grapefruit-tequila-750ml,FALSE
dulce-vida-reposado-tequila-100-proof-organic-750ml,FALSE
el-charro-reposado-tequila-1-75l,FALSE
el-charro-silver-tequila-750ml,FALSE
el-charro-silver-tequila-750-ml,FALSE
el-charro-tequila-reposado-1l,FALSE
el-charro-tequila-reposado-750ml,FALSE
el-jimador-reposado-tequila-1l,FALSE
el-jimador-silver-tequila-1-75l,FALSE
el-mayor-anejo-tequila-750ml,FALSE
el-mayor-reposado-tequila-750ml,FALSE
el-mayor-single-estate-blanco-750ml,FALSE
el-rayo-plata-tequila-70cl-40-abv,FALSE
el-sueno-moda-pink-grapefruit-tequila-70cl-35-abv,FALSE
el-sueno-moda-watermelon-tequila-70cl-35-abv,FALSE
el-tequileno-blanco-1l,FALSE
el-tequileno-tequila-reposado-rare-750ml,FALSE
el-tesoro-anejo-tequila-750ml,FALSE
el-tesoro-blanco-tequila-750ml,FALSE
el-tesoro-de-don-felipe-paradiso-anejo-tequila-750ml,FALSE
el-tesoro-extra-anejo-85th-anniversary-750ml,FALSE
el-tesoro-extra-anejo-tequila-750ml,FALSE
el-tesoro-reposado-tequila-750ml,FALSE
el-toro-gold-1l,FALSE
espolon-blanco-tequila-70cl-40-abv,FALSE
espolon-reposado-tequila-70cl-40-abv,FALSE
espolon-blanco-tequila-375ml,FALSE
espolon-cristalino-tequila-750ml,FALSE
espolon-extra-anejo-finished-in-chardonnay-barrels-tequila-100-de-puro-agave-750ml,FALSE
espolon-tequila-anejo-750ml,FALSE
espolon-tequila-blanco-1-75l,FALSE
espolon-tequila-blanco-1l,FALSE
espolon-tequila-blanco-750ml,FALSE
espolon-tequila-reposado-1-75l,FALSE
espolon-tequila-reposado-1l,FALSE
etereo-extra-anejo-tequila-70cl-40-abv,FALSE
etereo-plata-tequila-70cl-40-abv,FALSE
etereo-reposado-tequila-70cl-40-abv,FALSE
exotico-blanco-tequila-1l,FALSE
exotico-reposado-tequila-1-75l,FALSE
exotico-reposado-tequila-1l,FALSE
familia-camarena-tequila-reposado-1-75l,FALSE
familia-camarena-tequila-reposado-375ml,FALSE
familia-camarena-tequila-reposado-750ml,FALSE
familia-camarena-tequila-silver-200ml,FALSE
fortaleza-blanco-still-strength-tequila-70cl-46-abv,FALSE
fortaleza-blanco-tequila-70cl-40-abv,FALSE
fortaleza-reposado-tequila-70cl-40-abv,FALSE
fortaleza-winter-blend-2022-reposado-tequila-70cl-43-5-abv,FALSE
fortaleza-winter-blend-2023-reposado-tequila-70cl-44-abv,FALSE
fortaleza-winter-blend-2024-reposado-tequila-70cl-46-5-abv0,FALSE
fortaleza-blanco-tequila-750-ml,FALSE
fortaleza-reposado-tequila-750-ml,FALSE
fortaleza-tequila-blanco-still-strength-750-ml,FALSE
fuenteseca-reserva-anejo-11yr-750ml,FALSE
gem-bolt-artesanal-mezcal-70cl-44-abv,FALSE
ghost-blanco-spicy-tequila-750ml,FALSE
ghost-blanco-tequila-750-ml,FALSE
ghost-spicy-reposado-tequila-750-ml,FALSE
glaswegin-tequila-cask-aged-gin-70cl-41-1-abv,FALSE
gran-centenario-anejo-tequila-70cl-38-abv,FALSE
gran-centenario-anejo-tequila-1-75l,FALSE
gran-centenario-anejo-tequila-750ml,FALSE
gran-centenario-cristalino-anejo-tequila-750-ml,FALSE
gran-centenario-leyenda-tequila-extra-anejo-750ml,FALSE
gran-centenario-plata-tequila-750-ml,FALSE
gran-centenario-reposado-tequila-750ml,FALSE
gran-coramino-reposado-tequila-750-ml,FALSE
gran-coramino-tequila-anejo-750ml,FALSE
gran-coramino-tequila-cristalino-750ml,FALSE
gran-coramino-tequila-reposado-750ml,FALSE
gran-patron-burdeos-tequila-750ml,FALSE
gran-patron-piedra-tequila-750ml,FALSE
gran-patron-platinum-silver-tequila-375ml,FALSE
gran-patron-platinum-silver-tequila-750ml,FALSE
grand-mayan-reposado-750ml,FALSE
grand-mayan-tequila-extra-anejo-750ml,FALSE
grand-mayan-tequila-ultra-aged-anejo-750ml,FALSE
hacien-pineapple-blanco-tequila-70cl-38-abv,FALSE
hacienda-chihuahua-sotol-anejo-tequila-750-ml,FALSE
han-soju-tequila-infused-asian-liqueur-750-ml,FALSE
hermosa-organic-reposado-tequila-750ml,FALSE
hermosa-organic-silver-tequila-750ml,FALSE
herradura-anejo-tequila-70cl-40-abv,FALSE
herradura-plata-tequila-70cl-40-abv,FALSE
herradura-port-cask-finish-reposado-tequila-70cl-40-abv,FALSE
herradura-seleccion-suprema-anejo-tequila-70cl-40-abv,FALSE
herradura-legend-anejo-tequila-750-ml,FALSE
herradura-tequila-reposado-1-75l,FALSE
hijos-de-villa-reposado-tequila-pistol-200ml,FALSE
hornitos-anejo-reserve-tequila-750ml,FALSE
hornitos-anejo-tequila-750ml,FALSE
hornitos-lime-shot-750ml,FALSE
hornitos-plata-tequila-1-75l,FALSE
hornitos-plata-tequila-1l,FALSE
hornitos-plata-tequila-200ml,FALSE
hornitos-reposado-tequila-1-75l,FALSE
hornitos-reposado-tequila-200ml,FALSE
hornitos-reposado-tequila-750ml,FALSE
hotel-california-anejo-750ml,FALSE
hotel-california-reposado-tequila-750ml,FALSE
hotel-california-tequila-blanco-750ml,FALSE
hussons-silver-tequila-750ml,FALSE
hussongs-reposado-tequila-750ml,FALSE
hussongs-tequila-anejo-750ml,FALSE
jose-cuervo-day-of-the-dead-edition-tradicional-plata-tequila-50cl-38-abv,FALSE
jose-cuervo-especial-reposado-tequila-5cl-38-abv-miniature,FALSE
jose-cuervo-especial-reposado-tequila-5cl-x-10-38-abv-miniatures-10-x-5cl,FALSE
jose-cuervo-especial-reposado-tequila-70cl-35-abv,FALSE
jose-cuervo-especial-reposado-tequila-70cl-38-abv-includes-branded-glass,FALSE
jose-cuervo-especial-reposado-tequila-70cl-38-abv-includes-shot-glass,FALSE
jose-cuervo-especial-silver-tequila-5cl-40-abv-miniature,FALSE
jose-cuervo-especial-silver-tequila-5cl-x-10-38-abv-miniatures-10-x-5cl,FALSE
jose-cuervo-especial-silver-tequila-70cl-35-abv,FALSE
jose-cuervo-especial-silver-tequila-70cl-38-abv-includes-branded-glass,FALSE
jose-cuervo-especial-silver-tequila-70cl-38-abv-includes-shot-glass,FALSE
jose-cuervo-reserva-de-la-familia-ana-pellicer-edition-extra-anejo-tequila-70cl-38-abv,FALSE
jose-cuervo-reserva-de-la-familia-gonzalo-lebrija-2020-edition-anejo-tequila-70cl-38-abv-unboxed,FALSE
jose-cuervo-reserva-de-la-familia-gonzalo-lebrija-2020-edition-extra-anejo-tequila-70cl-38-abv,FALSE
jose-cuervo-reserva-de-la-familia-jorge-pardo-untitled-collection-2019-extra-anejo-tequila-70cl-38-abv,FALSE
jose-cuervo-reserva-de-la-familia-tercerunquinto-collection-extra-anejo-tequila-70cl-38-abv,FALSE
jose-cuervo-reserva-de-la-familia-platino-tequila-70cl-40-abv,FALSE
jose-cuervo-tradicional-plata-day-of-the-dead-edition-tequila-50cl-38-abv-includes-branded-glasses,FALSE
jose-cuervo-tradicional-reposado-tequila-5cl-40-abv-miniature,FALSE
jose-cuervo-tradicional-reposado-tequila-5cl-x-10-40-abv-miniatures-10-x-5cl,FALSE
jose-cuervo-tradicional-reposado-tequila-70cl-38-abv,FALSE
jose-cuervo-tradicional-silver-tequila-70cl-38-abv,FALSE
jose-cuervo-authentic-margarita-classic-lime-ready-to-drink-cocktail-1-75l,FALSE
jose-cuervo-devils-reserve-tequila-750ml,FALSE
jose-cuervo-devils-reserve-tequila-750-ml,FALSE
jose-cuervo-especial-blue-agave-silver-tequila-750-ml,FALSE
jose-cuervo-especial-gold-tequila-1-75l,FALSE
jose-cuervo-especial-gold-tequila-200ml,FALSE
jose-cuervo-especial-gold-tequila-375ml,FALSE
jose-cuervo-especial-gold-tequila-750ml,FALSE
jose-cuervo-especial-silver-tequila-1-75l,FALSE
jose-cuervo-especial-silver-tequila-1l,FALSE
jose-cuervo-especial-silver-tequila-375ml,FALSE
jose-cuervo-especial-silver-tequila-750ml,FALSE
jose-cuervo-gold-tequila-1l,FALSE
jose-cuervo-reserva-de-la-familia-organic-platino-tequila-750-ml,FALSE
jose-cuervo-tradicional-cristalino-tequila-750ml,FALSE
jose-cuervo-tradicional-silver-tequila-1-liter,FALSE
jose-cuervo-tradicional-tequila-plata-750-ml,FALSE
juarez-tequila-gold-1l,FALSE
juarez-tequila-silver-1-75l,FALSE
juarez-tequila-silver-750ml,FALSE
kah-100-agave-blanco-tequila-70cl-40-abv,FALSE
kah-anejo-tequila-70cl-40-abv,FALSE
kah-blanco-tequila-70cl-40-abv,FALSE
kah-reposado-tequila-70cl-40-abv,FALSE
kah-blanco-tequila-750ml,FALSE
kah-tequila-anejo-750ml,FALSE
kah-tequila-reposado-750ml,FALSE
komos-anejo-cristalino-tequila-750ml,FALSE
komos-reposado-rosa-tequila-750-ml,FALSE
la-adelita-tequila-black-anejo-cristalino-750ml,FALSE
la-gritona-reposado-tequila-750ml,FALSE
la-gritona-reposado-700-ml,FALSE
lalo-blanco-silver-tequila-750ml,FALSE
lamborghini-silver-tequila-750ml,FALSE
libelula-joven-tequila-750ml,FALSE
libelula-tequila-100-de-agave-azul-joven-375ml,FALSE
libelula-tequila-anejo-750ml,FALSE
libelula-tequila-blanco-1l,FALSE
libelula-tequila-reposado-750ml,FALSE
lobos-1707-extra-anejo-tequila-75cl-40-abv-lebron-james,FALSE
lobos-1707-joven-blanco-tequila-70cl-40-abv-lebron-james,FALSE
lobos-1707-reposado-tequila-70cl-40-abv-lebron-james,FALSE
lobos-1707-tequila-extra-anejo-750ml,FALSE
lobos-1707-tequila-reposado-750ml,FALSE
los-sundays-jalapeno-blanco-tequila-750-ml,FALSE
los-sundays-tequila-blanco-750-ml,FALSE
lunazul-anejo-tequila-750ml,FALSE
lunazul-blanco-tequila-1-75l,FALSE
lunazul-blanco-tequila-750ml,FALSE
lunazul-reposado-tequila-375ml,FALSE
lunazul-reposado-tequila-750ml,FALSE
maestro-dobel-50-extra-anejo-1973-tequila-70cl-40-abv,FALSE
maestro-dobel-humito-smoked-silver-tequila-70cl-40-abv,FALSE
maestro-dobel-silver-tequila-70cl-40-abv,FALSE
maestro-dobel-50-cristalino-extra-anejo-tequila-750-ml,FALSE
maestro-dobel-blanco-tequila-750ml,FALSE
maestro-dobel-diamante-tequila-cristalino-1-75l,FALSE
maestro-dobel-diamante-tequila-cristalino-750ml,FALSE
maestro-dobel-pavito-tequilla-750-ml,FALSE
mango-shotta-tequila-750-ml,FALSE
margaritaville-calypso-coconut-tequila-750-ml,FALSE
margaritaville-gold-tequila-750-ml,FALSE
margaritaville-island-lime-tequila-750-ml,FALSE
margaritaville-silver-tequila-1-75l,FALSE
mijenta-blanco-100-agave-tequila-70cl-40-abv-glass-pack,FALSE
mijenta-reposado-100-agave-tequila-70cl-40-abv-glass-pack,FALSE
mijenta-blanco-tequila-750ml,FALSE
mijenta-tequila-anejo-750ml,FALSE
mijenta-tequila-blanco-750-ml,FALSE
mijenta-tequila-reposado-750ml,FALSE
milagro-anejo-tequila-750ml,FALSE
milagro-anejo-tequila-750-ml,FALSE
milagro-reposado-tequila-1-75l,FALSE
milagro-select-barrel-reserve-anejo-tequila-750ml,FALSE
milagro-select-barrel-reserve-reposado-tequila-750ml,FALSE
milagro-select-barrel-reserve-silver-tequila-750ml,FALSE
milagro-silver-tequila-1-75l,FALSE
milagro-silver-tequila-1l,FALSE
milagro-silver-tequila-750ml,FALSE
milagro-silver-tequila-750-ml,FALSE
milagro-tequila-trio-blanco-reposado-anejo,FALSE
monte-alban-mezcal-375ml,FALSE
montezuma-gold-tequila-1l,FALSE
montezuma-silver-tequila-1l,FALSE
nosotros-chespirito-joven-tequila-750-ml,FALSE
nosotros-life-and-spirits-reposado-tequila-750-ml,FALSE
ocho-anejo-agave-tequila-70cl-40-abv,FALSE
ocho-plata-agave-tequila-50cl-40-abv,FALSE
ocho-reposado-agave-tequila-50cl-40-abv,FALSE
old-carbine-silver-tequila-gold-1l,FALSE
olmeca-altos-anejo-tequila-70cl-40-abv,FALSE
olmeca-altos-reposado-tequila-70cl-38-abv,FALSE
olmeca-altos-plata-tequila-1-75l,FALSE
olmeca-altos-plata-tequila-750ml,FALSE
olmeca-altos-reposado-tequila-750ml,FALSE
olmeca-tezon-reposado-tequila-75cl-40-abv0,FALSE
on-the-rocks-jalapeno-pineapple-margarita-375ml,FALSE
otaca-plata-tequila-750-ml,FALSE
otr-on-the-rocks-the-margarita-crafted-with-hornitos-tequila-750-ml,FALSE
paladar-tequila-blanco-750ml,FALSE
pantalones-anejo-tequila-70cl-40-abv-matthew-mcconaughey,FALSE
pantalones-blanco-tequila-70cl-40-abv-matthew-mcconaughey,FALSE
pantalones-reposado-tequila-75cl-40-abv-matthew-mcconaughey,FALSE
pantalones-reposado-organico-750ml,FALSE
pantalones-tequila-anejo-750ml,FALSE
partida-anejo-tequila-750-ml,FALSE
partida-blanco-tequila-750-ml,FALSE
partida-reposado-tequila-750-ml,FALSE
partida-roble-fino-reposado-tequila-750-ml,FALSE
partida-tequila-anejo-750ml,FALSE
partida-tequila-elegante-anejo-750ml,FALSE
partida-tequila-reposado-750ml,FALSE
pasote-reposado-tequila-70cl-40-abv,FALSE
pasote-anejo-tequila-750ml,FALSE
pasote-blanco-750ml,FALSE
pasote-tequila-reposado-750ml,FALSE
patron-anejo-tequila-5cl-40-abv-miniature,FALSE
patron-anejo-tequila-5cl-x-6-40-abv-miniatures-6-x-5cl,FALSE
patron-anejo-tequila-70cl-40-abv,FALSE
patron-el-alto-reposado-tequila-70cl-40-abv-gift-box,FALSE
patron-gran-patron-piedra-extra-anejo-tequila-70cl-40-abv,FALSE
patron-patron-el-cielo-silver-tequila-70cl-40-abv,FALSE
patron-reposado-tequila-5cl-40-abv-miniature,FALSE
patron-reposado-tequila-5cl-x-6-40-abv-miniatures-6-x-5cl,FALSE
patron-reposado-tequila-70cl-40-abv,FALSE
patron-silver-tequila-5cl-40-abv-miniature,FALSE
patron-silver-tequila-5cl-x-6-40-abv-miniatures-6-x-5cl,FALSE
patron-silver-tequila-70cl-40-abv,FALSE
patron-silver-reposado-anejo-tequila-5cl-x-3-40-abv-miniatures,FALSE
patron-xo-cafe-tequila-coffee-liqueur-70cl-35-abv,FALSE
patron-anejo-tequila-1-75l,FALSE
patron-anejo-tequila-375ml,FALSE
patron-anejo-tequila-750ml,FALSE
patron-cristalino-tequila-750ml,FALSE
patron-extra-anejo-tequila-375ml,FALSE
patron-extra-anejo-tequila-750ml,FALSE
patron-reposado-el-alto-tequila-750ml,FALSE
patron-reposado-tequila-750ml,FALSE
patron-silver-tequila-1-75l,FALSE
patron-silver-tequila-200ml,FALSE
patron-silver-tequila-375ml,FALSE
patron-silver-tequila-750ml,FALSE
patron-tequila-silver-el-cielo-700-ml,FALSE
patron-xo-cafe-coffee-liqueur-750ml,FALSE
patsch-anejo-tequilla-750-ml,FALSE
patsch-blanco-tequilla-750-ml,FALSE
prospero-anejo-tequila-750ml,FALSE
prospero-blanco-tequila-750ml,FALSE
pueblo-viejo-anejo-tequila-750ml,FALSE
pueblo-viejo-blanco-750ml,FALSE
puerto-vallarta-extra-anejo-750ml,FALSE
puerto-vallarta-tequila-anejo-750ml,FALSE
que-onda-onda-reposado-tequila-750-ml,FALSE
rammstein-reposado-tequila-70cl-2cl-38-abv-includes-rammstein-rum-miniature,FALSE
rammstein-reposado-tequila-70cl-38-abv,FALSE
rancho-tepua-bacanora-blanco-750ml,FALSE
red-eye-louies-whisquila-whiskey-tequila-750ml,FALSE
religion-puro-organico-blanco-tequila-750ml,FALSE
religion-tequila-anejo-organic-750ml,FALSE
reserva-de-la-familia-by-jose-cuervo-anejo-cristalino-organico-tequila-750ml,FALSE
reserva-de-la-familia-by-jose-cuervo-extra-anejo-tequila-750ml,FALSE
reserva-de-la-familia-by-jose-cuervo-organic-reposado-tequila-750ml,FALSE
reserva-de-la-familia-by-jose-cuervo-platino-tequila-blanco-750ml,FALSE
rey-sol-100-agave-extra-anejo-tequila-750-ml,FALSE
rey-supremo-tequila-anejo-gran-reserve-750-ml,FALSE
rey-supremo-tequila-blanco-gran-reserve-750-ml,FALSE
riazul-reposado-tequila-750ml,FALSE
riazul-silver-tequila-750ml,FALSE
riazul-tequila-anejo-750ml,FALSE
rock-island-tequila-cask-edition-blended-malt-scotch-whisky-70cl-48-abv,FALSE
rodeo-hat-tequila-gold-cowboy-hat-1-liter-1l,FALSE
rooster-rojo-anejo-tequila-70cl-38-abv,FALSE
rooster-rojo-blanco-tequila-70cl-38-abv,FALSE
rooster-rojo-reposado-tequila-70cl-38-abv,FALSE
rooster-rojo-smoked-pineapple-tequila-70cl-38-abv,FALSE
san-matias-anejo-cristalino-750-ml,FALSE
sangre-de-vida-blanco-tequila-70cl-40-abv0,FALSE
sangre-de-vida-reposado-tequila-70cl-55-abv0,FALSE
sauza-hornitos-reposado-tequila-70cl-38-abv,FALSE
sauza-conmemorativo-anejo-tequila-750ml,FALSE
sauza-silver-tequila-1l,FALSE
sauza-tequila-extra-anejo-la-perseverencia-150-aniversario-edicion-especial-750-ml,FALSE
sauza-tres-generaciones-anejo-tequila-750ml,FALSE
sauza-tres-generaciones-reposado-tequila-750ml,FALSE
scorpion-mezcal-anejo-5-year-750ml,FALSE
scorpion-mezcal-anejo-750ml,FALSE
scorpion-mezcal-reposado-750ml,FALSE
seeds-cucumber-jalapeno-tequila-750ml,FALSE
siembra-azul-blanco-tequila-750ml,FALSE
siempre-tequila-reposado-750ml,FALSE
siete-leguas-anejo-tequila-700-ml,FALSE
smokehead-terminado-tequila-cask-islay-single-malt-scotch-whisky-70cl-43-abv,FALSE
smokehead-terminado-tequila-cask-islay-single-malt-scotch-whisky-70cl-43-abv-includes-branded-glass,FALSE
solento-organic-anejo-tequila-750-ml,FALSE
storywood-speyside-14-anejo-tequila-70cl-40-abv,FALSE
storywood-speyside-7-reposado-tequila-70cl-40-abv,FALSE
tanteo-infused-with-chipotle-peppers-750ml,FALSE
tanteo-jalapeno-infused-tequila-750ml,FALSE
tanteo-tequila-blanco-habanero-peppers-750-ml,FALSE
tanteo-tequila-blanco-jalapeno-750-ml,FALSE
tanteo-tequila-infused-with-habanero-peppers-750ml,FALSE
tapatio-anejo-tequila-50cl-38-abv,FALSE
tapatio-blanco-55-tequila-50cl-55-abv,FALSE
tapatio-blanco-tequila-50cl-40-abv,FALSE
tapatio-excelencia-gran-reserva-extra-anejo-tequila-100cl-40-abv,FALSE
tapatio-reposado-tequila-50cl-38-abv,FALSE
tapatio-tequila-blanco-750ml,FALSE
tarantula-azul-tequila-750ml,FALSE
tarantula-azul-tequila-liqueur-750-ml,FALSE
tears-of-llorona-extra-anejo-tequila-1l,FALSE
tepozan-tequila-anejo-750-ml,FALSE
tepozan-tequila-blanco-750-ml,FALSE
tequila-cazadores-anejo-750ml,FALSE
tequila-cazadores-blanco-1l,FALSE
tequila-cazadores-blanco-750ml,FALSE
tequila-cazadores-extra-anejo-750ml,FALSE
tequila-cazadores-reposado-1-75l,FALSE
tequila-cazadores-reposado-750ml,FALSE
tequila-enemigo-extra-anejo-tequila-100-de-agave-edition-750ml,FALSE
tequila-herradura-anejo-750ml,FALSE
tequila-herradura-legend-750ml,FALSE
tequila-herradura-reposado-750ml,FALSE
tequila-herradura-silver-1l,FALSE
tequila-herradura-silver-375ml,FALSE
tequila-herradura-silver-750ml,FALSE
tequila-herradura-ultra-anejo-750ml,FALSE
tequila-komos-reposado-rosa-750ml,FALSE
tequila-ocho-plata-750ml,FALSE
tequila-ocho-reposado-750ml,FALSE
tequila-ocho-tequila-plata-750-ml,FALSE
tequila-pueblo-viejo-reposado-750ml,FALSE
tequila-rose-original-strawberry-cream-liqueur-5cl-15-abv-miniature,FALSE
tequila-rose-original-strawberry-cream-liqueur-5cl-x-10-15-abv-miniatures-10-x-5cl,FALSE
tequila-rose-original-strawberry-cream-liqueur-70cl-15-abv,FALSE
tequila-rose-original-strawberry-cream-liqueur-70cl-15-abv-includes-shot-glasses,FALSE
tequila-rose-original-strawberry-cream-tequila-70cl-15-abv-includes-shot-paddle-glasses,FALSE
tequila-rose-strawberry-cream-liqueur-5cl-x-2-15-abv-miniatures-shot-glasses-gift-pack,FALSE
tequila-rose-strawberry-cream-1l,FALSE
teremana-anejo-small-batch-tequila-70cl-40-abv-dwayne-the-rock-johnson,FALSE
teremana-blanco-small-batch-tequila-70cl-40-abv-dwayne-the-rock-johnson,FALSE
teremana-reposado-small-batch-tequila-70cl-40-abv-dwayne-the-rock-johnson,FALSE
teremana-anejo-reposado-blanco-750-ml,FALSE
teremana-anejo-1l,FALSE
teremana-anejo-tequila-750ml,FALSE
teremana-blanco-tequila-1-75l,FALSE
teremana-blanco-tequila-1l,FALSE
teremana-blanco-tequila-375ml,FALSE
teremana-blanco-tequila-750ml,FALSE
teremana-reposado-tequila-1-75l,FALSE
teremana-reposado-tequila-1l,FALSE
teremana-reposado-tequila-375ml,FALSE
teremana-reposado-tequila-750ml,FALSE
teremana-tequila-anejo-small-batch-750-ml,FALSE
teremana-tequila-blanco-small-batch-750-ml,FALSE
teremana-tequila-reposado-small-batch-750-ml,FALSE
tesla-anejo-tequila-75cl-40-abv,FALSE
tesoro-mio-blanco-1l,FALSE
tesoro-mio-reposado-1l,FALSE
texano-boots-tequila-gold-750ml,FALSE
tierra-noble-anejo-tequila-70cl-40-abv,FALSE
tierra-noble-blanco-tequila-70cl-40-abv,FALSE
tierra-noble-exquisito-extra-anejo-tequila-70cl-40-abv,FALSE
tierra-noble-reposado-cristalino-edition-4-cuarto-tequila-70cl-40-abv,FALSE
tierra-noble-reposado-tequila-70cl-40-abv,FALSE
tijuana-gold-1l,FALSE
tijuana-silver-1-75l,FALSE
torada-premium-gold-tequila-1-75-l,FALSE
tortilla-gold-tequila-1l,FALSE
tres-agaves-tequila-blanco-750-ml,FALSE
tres-generaciones-tequila-anejo-50th-anniversary-legacy-edition-750-ml,FALSE
tres-generaciones-tequila-anejo-cristalino-750-ml,FALSE
tres-generaciones-tequila-anejo-750-ml,FALSE
tres-mujeres-tequila-anfora-reposado-750ml,FALSE
two-fingers-gold-tequila-750ml,FALSE
two-fingers-white-tequila-750ml,FALSE
vespertino-tequila-cream-liqueurliquor-750-ml,FALSE
viski-tequila-copita-glass-in-green,FALSE
vivir-blanco-tequila-70cl-40-abv,FALSE
vivir-reposado-tequila-70cl-40-abv,FALSE
vivir-vs-cafe-tequila-liqueur-70cl-30-abv,FALSE
volcan-de-mi-tierra-b-t-blanco-tahona-tequila-70cl-38-abv,FALSE
volcan-de-mi-tierra-blanco-tequila-70cl-40-abv,FALSE
volcan-de-mi-tierra-cristalino-tequila-70cl-40-abv,FALSE
volcan-de-mi-tierra-reposado-tequila-70cl-40-abv,FALSE
volcan-de-mi-tierra-x-a-tequila-70cl-40-abv-luminous-edition,FALSE
volcan-de-mi-tierra-tequila-xa-reposado-f1-limited-edition-750-ml,FALSE
xicaru-reposado-mezcal-750ml,FALSE
yave-blanco-tequila-750ml,FALSE
